"STATION","NAME","LATITUDE","LONGITUDE","ELEVATION","DATE","AWND","AWND_ATTRIBUTES","CDSD","CDSD_ATTRIBUTES","CLDD","CLDD_ATTRIBUTES","DP01","DP01_ATTRIBUTES","DP10","DP10_ATTRIBUTES","DSND","DSND_ATTRIBUTES","DSNW","DSNW_ATTRIBUTES","DT00","DT00_ATTRIBUTES","DT32","DT32_ATTRIBUTES","DX32","DX32_ATTRIBUTES","DX70","DX70_ATTRIBUTES","DX90","DX90_ATTRIBUTES","EMNT","EMNT_ATTRIBUTES","EMSD","EMSD_ATTRIBUTES","EMSN","EMSN_ATTRIBUTES","EMXP","EMXP_ATTRIBUTES","EMXT","EMXT_ATTRIBUTES","FZF0","FZF0_ATTRIBUTES","FZF1","FZF1_ATTRIBUTES","FZF2","FZF2_ATTRIBUTES","FZF3","FZF3_ATTRIBUTES","FZF4","FZF4_ATTRIBUTES","FZF5","FZF5_ATTRIBUTES","FZF6","FZF6_ATTRIBUTES","FZF7","FZF7_ATTRIBUTES","FZF8","FZF8_ATTRIBUTES","FZF9","FZF9_ATTRIBUTES","HDSD","HDSD_ATTRIBUTES","HTDD","HTDD_ATTRIBUTES","PRCP","PRCP_ATTRIBUTES","SNOW","SNOW_ATTRIBUTES","TAVG","TAVG_ATTRIBUTES","TMAX","TMAX_ATTRIBUTES","TMIN","TMIN_ATTRIBUTES","TSUN","TSUN_ATTRIBUTES","WDF2","WDF2_ATTRIBUTES","WDF5","WDF5_ATTRIBUTES","WSF2","WSF2_ATTRIBUTES","WSF5","WSF5_ATTRIBUTES"
"US1NYQN0033","HOWARD BEACH 0.4 NNW, NY US","40.662099","-73.841345","2.1","2021",,,,,,,"       113","N","        81","N",,,,,,,,,,,,,,,,,,,,,"4.96"," ,N,0902, ",,,,,,,,,,,,,,,,,,,,,,,,,,,"55.09"," ,N",,,,,,,,,,,,,,,,,,
"US1NYQN0033","HOWARD BEACH 0.4 NNW, NY US","40.662099","-73.841345","2.1","2022",,,,,,,"       115","N","        78","N",,,,,,,,,,,,,,,,,,,,,"2.35"," ,N,1004, ",,,,,,,,,,,,,,,,,,,,,,,,,,,"45.34"," ,N",,,,,,,,,,,,,,,,,,
"USW00094728","NY CITY CENTRAL PARK, NY US","40.77898","-73.96925","42.7","2020",,,"1306",,"1306","W","       127","W","        83","W","        9",,"         3","W","         0","W","        41","W","         6","W","       147","W","        20","W","14","W,0215, ","9"," ,W,1217, ","6.5"," ,W,1216, ","2.54"," ,W,0710, ","96","W,0706, ","32","W,1031","24","W,1216","20","W,1219",,,,,"25","W,0301","25","W,0301","20","W,0221","14","W,0215","14","W,0215","4333","0","4333","W","45.39"," ,W","12.8"," ,W","57.3","W","64.3","W","50.3","W",,,,,,,,,,
"USW00094728","NY CITY CENTRAL PARK, NY US","40.77898","-73.96925","42.7","2021",,,"1290",,"1290","W","       140","W","        85","W","       24",,"         6","W","         0","W","        58","W","         8","W","       158","W","        17","W","14","W,0129, ","14"," ,W,0202, ","14.8"," ,W,0201, ","7.13"," ,W,0901, ","98","W,0630, ","32","W,1123","25","W,1220",,,,,,,"32","W,0403","24","W,0315","23","W,0305","17","W,0208","14","W,0129","4282","0","4282","W","59.77"," ,W","28.3"," ,W","56.9","W","63.7","W","50.1","W",,,,,,,,,,
"USW00094728","NY CITY CENTRAL PARK, NY US","40.77898","-73.96925","42.7","2022","5.4","W","1349",,"1349","W","       122","W","        85","W","       11",,"         4","W","         0","W","        74","W","        18","W","       157","W","        25","W","7","W,1224, ","7"," ,W,0130, ","7.3"," ,W,0129, ","1.85"," ,W,1004,+","97","W,0809, ","31","W,1119","27","W,1121","8","W,1223","8","W,1223","8","W,1223","29","W,0330","24","W,0329","23","W,0328","16","W,0215","12","W,0130","4286","9","4286","W","46.29"," ,W","17.6"," ,W","56.3","W","63.6","W","49.0","W",,,"       240","W","       270","W","29.1","W","49.0","W"
"USW00094728","NY CITY CENTRAL PARK, NY US","40.77898","-73.96925","42.7","2023",,,,,,,,,,,,,,,,,,,,,,,,,,,,,,,,,,,,,,,,,,,,,,,,,,,,,,,"3897","2","3897","W",,,,,,,,,,,,,,,,,,,,
"US1NJES0018","MAPLEWOOD TWP 0.9 SE, NJ US","40.724466","-74.259542","72.5","2020",,,,,,,"       143","N","        83","N",,,,,,,,,,,,,,,,,,,,,"3.04"," ,N,0711, ",,,,,,,,,,,,,,,,,,,,,,,,,,,"43.05"," ,N",,,,,,,,,,,,,,,,,,
"US1NYNS0034","WANTAGH 0.3 ESE, NY US","40.666824","-73.505371","4.3","2020",,,,,,,"       133","N","        83","N",,,"         2","N",,,,,,,,,,,,,,,"5.0"," ,N,1217, ","5.18"," ,N,0910, ",,,,,,,,,,,,,,,,,,,,,,,,,,,"47.01"," ,N","6.5"," ,N",,,,,,,,,,,,,,,,
"US1NJMN0010","EATONTOWN 1.2 NE, NJ US","40.3034","-74.040017","12.8","2021",,,,,,,"       126","N","        72","N",,,,,,,,,,,,,,,,,,,,,"3.10"," ,N,0822, ",,,,,,,,,,,,,,,,,,,,,,,,,,,"47.95"," ,N",,,,,,,,,,,,,,,,,,
"USW00014734","NEWARK LIBERTY INTERNATIONAL AIRPORT, NJ US","40.68275","-74.16927","1.9","2020","9.4","W","1393",,"1393","W","       123","W","        82","W","        7",,"         3","W","         0","W","        57","W","         3","W","       156","W","        31","W","12","W,0215, ","11"," ,W,1217, ","5.9"," ,W,1217, ","2.78"," ,W,0710, ","96","W,0727,+","32","W,1031","26","W,1119","20","W,1218","16","W,1219",,,"32","W,0417","24","W,0301","20","W,0221","12","W,0215","12","W,0215","4388","9","4388","W","47.19"," ,W","14.6"," ,W","57.3","W","65.7","W","48.9","W",,,"       350","W","       340","W","49.0","W","70.9","W"
"USW00014734","NEWARK LIBERTY INTERNATIONAL AIRPORT, NJ US","40.68275","-74.16927","1.9","2021","9.4","W","1625",,"1625","W","       130","W","        79","W","       23",,"         7","W","         0","W","        68","W","         7","W","       177","W","        41","W","16","W,0212,+","17"," ,W,0203,+","15.1"," ,W,0201, ","8.41"," ,W,0901, ","103","W,0630, ","32","W,1124","27","W,1130","23","W,1220",,,,,"30","W,0403","24","W,0315","23","W,0305","16","W,0212",,,"4383","8","4383","W","55.88"," ,W","34.1"," ,W","58.0","W","66.4","W","49.5","W",,,"       310","W","       240","W","45.0","W","59.1","W"
"USW00014734","NEWARK LIBERTY INTERNATIONAL AIRPORT, NJ US","40.68275","-74.16927","1.9","2022","9.6","W","1632",,"1632","W","       124","W","        84","W","       11",,"         5","W","         0","W","        88","W","        18","W","       168","W","        49","W","6","W,0116, ","6"," ,W,0131,+","6.6"," ,W,0129, ","1.77"," ,W,1004, ","102","W,0724, ","32","W,1118","27","W,1119","9","W,1223","9","W,1223","9","W,1223","29","W,0330","24","W,0329","23","W,0328","19","W,0220","14","W,0206","4235","8","4235","W","40.56"," ,W","17.9"," ,W","56.9","W","65.7","W","48.0","W",,,"       260","W","       270","W","48.1","W","66.0","W"
"USW00014734","NEWARK LIBERTY INTERNATIONAL AIRPORT, NJ US","40.68275","-74.16927","1.9","2023",,,,,,,,,,,,,,,,,,,,,,,,,,,,,,,,,,,,,,,,,,,,,,,,,,,,,,,"3887","4","3887","W",,,,,,,,,,,,,,,,,,,,
"US1NJBG0023","OAKLAND 0.9 SSE, NJ US","41.01905","-74.233383","149.4","2020",,,,,,,"       154","N","        83","N",,,,,,,,,,,,,,,,,,,,,"2.76"," ,N,0711, ",,,,,,,,,,,,,,,,,,,,,,,,,,,"47.60"," ,N",,,,,,,,,,,,,,,,,,
"US1NYNS0018","HICKSVILLE 1.3 ENE, NY US","40.7686538696289","-73.5017013549805","45.7","2020",,,,,,,"       123","N","        75","N",,,,,,,,,,,,,,,,,,,,,"1.93"," ,N,0911, ",,,,,,,,,,,,,,,,,,,,,,,,,,,"43.22"," ,N",,,,,,,,,,,,,,,,,,
"USW00094741","TETERBORO AIRPORT, NJ US","40.85898","-74.05616","0.8","2020","7.2","W","1261",,"1261","W","       126","W","        85","W",,,,,"         0","W","        67","W","         6","W","       152","W","        26","W","12","W,0215, ",,,,,"2.89"," ,W,0706, ","96","W,0719, ","30","W,1031","25","W,1118","23","W,1216","16","W,1219",,,"30","W,0417","27","W,0302","23","W,0301","19","W,0221","12","W,0215","4575","7","4575","W","45.70"," ,W",,,"56.0","W","64.7","W","47.4","W",,,"       160","W","       160","W","44.1","W","67.1","W"
"USW00094741","TETERBORO AIRPORT, NJ US","40.85898","-74.05616","0.8","2021","6.9","W","1189",,"1189","W","       133","W","        76","W",,,,,"         0","W","        93","W","        11","W","       166","W","        21","W","14","W,0208,+",,,,,"6.97"," ,W,0901, ","98","W,0630,+","32","W,1105","24","W,1130","23","W,1220",,,,,"30","W,0403","27","W,0402","23","W,0315","17","W,0212","14","W,0208","4759","7","4759","W","54.97"," ,W",,,"55.6","W","64.2","W","46.9","W",,,"       230","W","       230","W","63.1","W","63.1","W"
"USW00094741","TETERBORO AIRPORT, NJ US","40.85898","-74.05616","0.8","2022","7.4","W",,,,,"       126","W","        82","W",,,,,,,,,,,,,,,,,,,,,"2.80"," ,W,0718, ",,,,,,,,,,,,,,,,,,,,,,,"4609","5","4609","W","46.76"," ,W",,,,,,,,,,,"       340","W","        70","W","35.1","W","49.0","W"
"USW00094741","TETERBORO AIRPORT, NJ US","40.85898","-74.05616","0.8","2023",,,,,,,,,,,,,,,,,,,,,,,,,,,,,,,,,,,,,,,,,,,,,,,,,,,,,,,,,,,,,,,,,,,,,,,,,,,,,,
"USW00014732","LAGUARDIA AIRPORT, NY US","40.77945","-73.88027","3.0","2020","10.5","W","1611",,"1611","W","       131","W","        81","W","        8",,"         3","W","         0","W","        36","W","         2","W","       151","W","        34","W","15","W,0215, ","9"," ,W,1217, ","5.6"," ,W,1216, ","2.45"," ,W,0710, ","97","W,0728,+","32","W,1208","26","W,1217",,,,,,,"26","W,0301","26","W,0301","21","W,0221","15","W,0215","15","W,0215","4250","3","4250","W","42.00"," ,W","12.8"," ,W","58.6","W","65.3","W","51.9","W",,,"       160","W","       170","W","53.0","W","69.1","W"
"USW00014732","LAGUARDIA AIRPORT, NY US","40.77945","-73.88027","3.0","2021","10.5","W","1554",,"1554","W","       130","W","        79","W","       24",,"         6","W","         0","W","        45","W","         6","W","       164","W","        25","W","17","W,0129, ","13"," ,W,0203,+","11.7"," ,W,0201, ","6.80"," ,W,0901, ","100","W,0630, ","31","W,1219","27","W,1220",,,,,,,"29","W,0402","25","W,0315","23","W,0302","19","W,0208",,,"4043","3","4043","W","48.97"," ,W","25.7"," ,W","58.3","W","64.8","W","51.7","W",,,"       320","W","       310","W","47.0","W","61.1","W"
"USW00014732","LAGUARDIA AIRPORT, NY US","40.77945","-73.88027","3.0","2022","10.7","W","1506",,"1506","W","       122","W","        86","W","       11",,"         4","W","         0","W","        71","W","        18","W","       152","W","        30","W","7","W,1224, ","8"," ,W,0107, ","9.7"," ,W,0107, ","1.77"," ,W,1004, ","98","W,0809,+","32","W,1119","27","W,1213","9","W,1223","9","W,1223","9","W,1223","30","W,0330","25","W,0329","23","W,0313","18","W,0215","14","W,0130","4097","4","4097","W","44.24"," ,W","25.2"," ,W","57.1","W","64.2","W","49.9","W",,,"       290","W","       270","W","45.0","W","55.9","W"
"USW00014732","LAGUARDIA AIRPORT, NY US","40.77945","-73.88027","3.0","2023",,,,,,,,,,,,,,,,,,,,,,,,,,,,,,,,,,,,,,,,,,,,,,,,,,,,,,,"3819","8","3819","W",,,,,,,,,,,,,,,,,,,,
"USC00066655","PUTNAM LAKE, CT US","41.0825","-73.6386","91.4","2021",,,,,,,"       108","7","        76","7",,,,,,,,,,,,,,,,,,,,,"7.96"," ,7,0902, ",,,,,,,,,,,,,,,,,,,,,,,,,,,"55.35"," ,7",,,,,,,,,,,,,,,,,,
"USC00308577","SYOSSET, NY US","40.8216","-73.4908","80.8","2020",,,"877",,"877","7","       151","7","        91","7",,,"         2","7","         0","7","        85","7","        11","7","       130","7","         8","7","11","7,0215, ",,,"7.0"," ,7,1217, ","1.88"," ,7,1030, ","93","7,0729,+","29","7,1031","22","7,1119","22","7,1119","13","7,1219","13","7,1219","32","7,0419","26","7,0308","23","7,0301","20","7,0222","13","7,0216","5162","7","5162","7","44.44"," ,7","9.0"," ,7","53.8","7","62.1","7","45.5","7",,,,,,,,,,
"USC00308577","SYOSSET, NY US","40.8216","-73.4908","80.8","2021",,,"850",,"850","7","       122","7","        76","7",,,"         3","7","         0","7","       102","7","        16","7","       144","7","         9","7","12","7,0209,+",,,"6.0"," ,7,0208, ","4.50"," ,7,0902, ","93","7,0701,+","30","7,1106","28","7,1117","23","7,1130",,,,,"30","7,0404","28","7,0403","22","7,0316","20","7,0308","15","7,0210","5060","4","5060","7","52.27"," ,7","10.9"," ,7","53.4","7","61.6","7","45.2","7",,,,,,,,,,
"USC00308577","SYOSSET, NY US","40.8216","-73.4908","80.8","2022",,,"838",,"838","7","       116","7","        72","7",,,,,"         0","7","       100","7","        19","7","       141","7","         8","7","5","7,0131, ",,,,,"2.80"," ,7,0722, ","94","7,0810,+","28","7,1115","28","7,1115","21","7,1121","6","7,1224","6","7,1224","30","7,0418","25","7,0330","22","7,0329","20","7,0313","16","7,0304","4960","8","4960","7","44.94"," ,7",,,"52.8","7","61.4","7","44.1","7",,,,,,,,,,
"USC00308577","SYOSSET, NY US","40.8216","-73.4908","80.8","2023",,,,,,,,,,,,,,,,,,,,,,,,,,,,,,,,,,,,,,,,,,,,,,,,,,,,,,,"4737","5","4737","H",,,,,,,,,,,,,,,,,,,,
"USW00094745","WESTCHESTER CO AIRPORT, NY US","41.06236","-73.70454","112.9","2020","7.6","W","907",,"907","W","       121","W","        77","W",,,,,"         0","W","        86","W","        10","W","       134","W","         9","W","9","W,0215, ",,,,,"2.58"," ,W,0413, ","93","W,0719, ","32","W,1030","23","W,1118","23","W,1118","18","W,1218","13","W,1219","32","W,0509","27","W,0302","21","W,0301","17","W,0221","9","W,0215","5089","2","5089","W","39.01"," ,W",,,"53.5","W","62.0","W","45.1","W",,,"       320","W","       150","W","42.9","W","59.1","W"
"USW00094745","WESTCHESTER CO AIRPORT, NY US","41.06236","-73.70454","112.9","2021","7.8","W","837",,"837","W",,,,,,,,,"         0","W","        99","W","        19","W","       147","W","        11","W","9","W,0130, ",,,,,,,"95","W,0630, ","32","W,1104","27","W,1120","20","W,1220",,,,,"28","W,0403","26","W,0402","22","W,0316","18","W,0308","12","W,0212","5231","4","5231","W",,,,,"53.2","W","61.5","W","45.0","W",,,"       300","W","       320","W","40.9","W","51.0","W"
"USW00094745","WESTCHESTER CO AIRPORT, NY US","41.06236","-73.70454","112.9","2022","7.8","W","1019",,"1019","W","       115","W","        80","W",,,,,"         0","W","       104","W","        23","W","       151","W","        18","W","3","W,0116, ",,,,,"3.44"," ,W,0718, ","97","W,0720, ","30","W,1114","21","W,1121","21","W,1121","7","W,1223","7","W,1223","32","W,0418","24","W,0330","21","W,0329","15","W,0304","15","W,0304","5007","5","5007","W","38.15"," ,W",,,"53.2","W","62.1","W","44.3","W",,,"       290","W","       260","W","42.9","W","63.1","W"
"USW00094745","WESTCHESTER CO AIRPORT, NY US","41.06236","-73.70454","112.9","2023",,,,,,,,,,,,,,,,,,,,,,,,,,,,,,,,,,,,,,,,,,,,,,,,,,,,,,,"4731","3","4731","W",,,,,,,,,,,,,,,,,,,,
"USW00094789","JFK INTERNATIONAL AIRPORT, NY US","40.63915","-73.7639","2.7","2020","11.4","W","1147",,"1147","W","       133","W","        80","W","        7",,"         3","W","         0","W","        50","W","         4","W","       145","W","        12","W","14","W,0215, ","7"," ,W,1219,+","3.8"," ,W,1216, ","2.33"," ,W,0710, ","97","W,0720, ","32","W,1031","26","W,1119","23","W,1218","18","W,1219",,,"32","W,0316","25","W,0301","20","W,0221","14","W,0215","14","W,0215","4545","2","4545","W","40.91"," ,W","9.1"," ,W","56.2","W","63.6","W","48.8","W",,,"       150","W","       160","W","53.9","W","70.0","W"
"USW00094789","JFK INTERNATIONAL AIRPORT, NY US","40.63915","-73.7639","2.7","2021","11.2","W","1162",,"1162","W","       125","W","        71","W","       24",,"         4","W","         0","W","        69","W","         7","W","       158","W","        10","W","15","W,0130, ","13"," ,W,0202, ","11.9"," ,W,0201, ","3.24"," ,W,1026, ","94","W,0522, ","32","W,1123","24","W,1220",,,,,,,"31","W,0403","27","W,0316","22","W,0302","19","W,0212","15","W,0130","4534","9","4534","W","43.48"," ,W","27.5"," ,W","56.1","W","63.4","W","48.8","W",,,"       310","W","       290","W","46.1","W","55.0","W"
"USW00094789","JFK INTERNATIONAL AIRPORT, NY US","40.63915","-73.7639","2.7","2022","11.9","W","1273",,"1273","W","       117","W","        75","W","       12",,"         4","W","         0","W","        82","W","        17","W","       148","W","        16","W","7","W,1224, ","10"," ,W,0130, ","9.3"," ,W,0129, ","1.38"," ,W,1004, ","96","W,0724,+","32","W,1119","27","W,1213","9","W,1223","9","W,1223","9","W,1223","27","W,0330","27","W,0330","23","W,0328","19","W,0304","15","W,0206","4458","6","4458","W","35.78"," ,W","21.6"," ,W","55.5","W","63.2","W","47.9","W",,,"       260","W","       260","W","48.1","W","57.9","W"
"USW00094789","JFK INTERNATIONAL AIRPORT, NY US","40.63915","-73.7639","2.7","2023",,,,,,,,,,,,,,,,,,,,,,,,,,,,,,,,,,,,,,,,,,,,,,,,,,,,,,,"4232","2","4232","W",,,,,,,,,,,,,,,,,,,,
"USW00054743","CALDWELL ESSEX CO AIRPORT, NJ US","40.87645","-74.28284","52.0","2020","4.9","W","1374",,"1374","W","       135","W","        83","W",,,,,"         0","W","        69","W","         3","W","       160","W","        37","W","12","W,0215, ",,,,,"3.09"," ,W,0710, ","97","W,0706, ","29","W,1031","26","W,1118","19","W,1218","19","W,1218","13","W,1219","32","W,0417","25","W,0302","23","W,0301","12","W,0215","12","W,0215","4583","4","4583","W","42.78"," ,W",,,"56.7","W","66.0","W","47.4","W",,,"       170","W","       290","W","38.0","W","55.0","W"
"USW00054743","CALDWELL ESSEX CO AIRPORT, NJ US","40.87645","-74.28284","52.0","2021","4.7","W","1366",,"1366","W","       130","W","        83","W",,,,,"         0","W","        90","W","         8","W","       170","W","        37","W","10","W,0208, ",,,,,"6.17"," ,W,0901, ","100","W,0630, ","32","W,1104","25","W,1130","22","W,1220",,,,,"27","W,0403","27","W,0403","23","W,0305","16","W,0212","14","W,0210","4602","5","4602","W","51.60"," ,W",,,"56.6","W","65.8","W","47.4","W",,,"       290","W","       290","W","40.9","W","51.0","W"
"USW00054743","CALDWELL ESSEX CO AIRPORT, NJ US","40.87645","-74.28284","52.0","2022","4.9","W","1250",,"1250","W","       127","W","        84","W",,,,,"         0","W","       103","W","        13","W","       172","W","        35","W","6","W,1224, ",,,,,"2.85"," ,W,0407, ","98","W,0809,+","30","W,1030","27","W,1115","23","W,1121","7","W,1223","7","W,1223","27","W,0330","27","W,0330","23","W,0313","19","W,0304","15","W,0215","4326","1","4326","W","43.73"," ,W",,,"55.3","W","65.2","W","45.4","W",,,"       300","W","       310","W","32.0","W","49.0","W"
"USW00054743","CALDWELL ESSEX CO AIRPORT, NJ US","40.87645","-74.28284","52.0","2023",,,,,,,,,,,,,,,,,,,,,,,,,,,,,,,,,,,,,,,,,,,,,,,,,,,,,,,"4501","4","4501","W",,,,,,,,,,,,,,,,,,,,
"USW00054787","FARMINGDALE REPUBLIC AIRPORT, NY US","40.73443","-73.41637","22.8","2020","8.9","W","1267",,"1267","W","       116","W","        66","W",,,,,"         0","W","        57","W","         3","W","       144","W","        20","W","14","W,0215, ",,,,,"2.64"," ,W,0910, ","97","W,0728,+","32","W,1031","24","W,1119","21","W,1219",,,,,"32","W,0316","25","W,0301","21","W,0221","14","W,0215","14","W,0215","4524","1","4524","W","34.31"," ,W",,,"56.7","W","64.3","W","49.0","W",,,"       170","W","       170","W","53.0","W","79.0","W"
"USW00054787","FARMINGDALE REPUBLIC AIRPORT, NY US","40.73443","-73.41637","22.8","2021","8.5","W","1081",,"1081","W",,,,,,,,,"         0","W","        76","W","         8","W","       148","W","        15","W","12","W,0209,+",,,,,,,"93","W,0827, ","31","W,1117","23","W,1220","23","W,1220",,,,,"30","W,0403","26","W,0320","23","W,0315","19","W,0212","12","W,0209","4596","1","4596","W",,,,,"55.7","W","63.2","W","48.1","W",,,"       270","W","       280","W","38.0","W","59.1","W"
"USW00054787","FARMINGDALE REPUBLIC AIRPORT, NY US","40.73443","-73.41637","22.8","2022","8.9","W","1173",,"1173","W",,,,,,,,,"         0","W","        92","W","        17","W","       148","W","        15","W","8","W,1224, ",,,,,,,"96","W,0723, ","32","W,1115","27","W,1119","10","W,1223","10","W,1223","10","W,1223","28","W,0330","24","W,0329","23","W,0328","17","W,0216","9","W,0131","4523","8","4523","W",,,,,"55.0","W","63.1","W","47.0","W",,,"       140","W","       140","W","38.9","W","55.9","W"
"USW00054787","FARMINGDALE REPUBLIC AIRPORT, NY US","40.73443","-73.41637","22.8","2023",,,,,,,,,,,,,,,,,,,,,,,,,,,,,,,,,,,,,,,,,,,,,,,,,,,,,,,"4255","8","4255","W",,,,,,,,,,,,,,,,,,,,
"US1NJMS0059","MADISON 0.8 WSW, NJ US","40.7523914426565","-74.4297203421593","108.8","2021",,,,,,,"       138","N","        83","N",,,"         8","N",,,,,,,,,,,,,,,"10.0"," ,N,0202, ","6.30"," ,N,0902, ",,,,,,,,,,,,,,,,,,,,,,,,,,,"54.48"," ,N","35.8"," ,N",,,,,,,,,,,,,,,,
"US1NJMS0059","MADISON 0.8 WSW, NJ US","40.7523914426565","-74.4297203421593","108.8","2022",,,,,,,"       139","N","        81","N","       13",,"         6","N",,,,,,,,,,,,,"5"," ,N,0107, ","4.7"," ,N,0107, ","2.62"," ,N,0408, ",,,,,,,,,,,,,,,,,,,,,,,,,,,"46.77"," ,N","16.4"," ,N",,,,,,,,,,,,,,,,
"US1NJES0024","CEDAR GROVE TWP 0.4 W, NJ US","40.855695","-74.235564","108.5","2020",,,,,,,"       131","N","        84","N","        9",,"         4","N",,,,,,,,,,,,,"6"," ,N,1217, ","5.0"," ,N,1217, ","3.82"," ,N,0710, ",,,,,,,,,,,,,,,,,,,,,,,,,,,"52.65"," ,N","12.0"," ,N",,,,,,,,,,,,,,,,
"US1NJES0024","CEDAR GROVE TWP 0.4 W, NJ US","40.855695","-74.235564","108.5","2021",,,,,,,"       138","N","        99","N","       31",,"         9","N",,,,,,,,,,,,,"17"," ,N,0207, ","15.8"," ,N,0201, ","7.30"," ,N,0901, ",,,,,,,,,,,,,,,,,,,,,,,,,,,"62.43"," ,N","43.0"," ,N",,,,,,,,,,,,,,,,
"USC00283704","HARRISON, NJ US","40.7481","-74.152","7.3","2020",,,"1415",,"1415","7","       137","7","        92","7","        9",,"         2","7","         0","7","        59","7","         6","7","       156","7","        39","7","12","7,0215, ","9"," ,7,1217, ","9.7"," ,7,1217, ","2.83"," ,7,0226, ","98","7,0720, ","30","7,1031","28","7,1119","24","7,1216","18","7,1219",,,"31","7,0317","25","7,0302","19","7,0222","19","7,0222","13","7,0216","4659","5","4659","7","55.70"," ,7","12.8"," ,7","56.7","7","65.2","7","48.2","7",,,,,,,,,,
"USC00283704","HARRISON, NJ US","40.7481","-74.152","7.3","2021",,,"1428",,"1428","7","       117","7","        77","7","       26",,"         8","7","         0","7","        79","7","        16","7","       166","7","        38","7","14","7,0130, ","16"," ,7,0204,+","9.0"," ,7,0202, ","8.59"," ,7,0902, ","101","7,0630, ","31","7,1120","27","7,1130","23","7,1220",,,,,"27","7,0403","27","7,0403","23","7,0316","20","7,0302","15","7,0209","4687","8","4687","7","64.36"," ,7","31.5"," ,7","56.2","7","64.8","7","47.6","7",,,,,,,,,,
"USC00283704","HARRISON, NJ US","40.7481","-74.152","7.3","2022",,,"1479",,"1479","7","       123","7","        81","7","       12",,"         5","7","         0","7","        98","7","        19","7","       165","7","        44","7","5","7,1225,+","7"," ,7,0131,+","5.8"," ,7,0107, ","2.02"," ,7,1004, ","102","7,0725, ","32","7,1115","25","7,1121","24","7,1213","5","7,1224","5","7,1224","31","7,0331","24","7,0330","24","7,0330","19","7,0305","15","7,0216","4574","1","4574","7","48.67"," ,7","18.3"," ,7","55.7","7","64.7","7","46.7","7",,,,,,,,,,
"USC00283704","HARRISON, NJ US","40.7481","-74.152","7.3","2023",,,,,,,,,,,,,,,,,,,,,,,,,,,,,,,,,,,,,,,,,,,,,,,,,,,,,,,"4315","1","4315","H",,,,,,,,,,,,,,,,,,,,
"US1NJMD0062","OLD BRIDGE TWP 5.1 NE, NJ US","40.45623","-74.241325","7.6","2020",,,,,,,"       150","N","        83","N",,,"         3","N",,,,,,,,,,,,,,,"6.5"," ,N,1217, ","2.10"," ,N,0724, ",,,,,,,,,,,,,,,,,,,,,,,,,,,"46.83"," ,N","9.3"," ,N",,,,,,,,,,,,,,,,
"US1NJMD0062","OLD BRIDGE TWP 5.1 NE, NJ US","40.45623","-74.241325","7.6","2021",,,,,,,"       132","N","        82","N","       24",,"         5","N",,,,,,,,,,,,,"14"," ,N,0208,+","8.0"," ,N,0201, ","5.38"," ,N,0902, ",,,,,,,,,,,,,,,,,,,,,,,,,,,"52.21"," ,N","26.9"," ,N",,,,,,,,,,,,,,,,
"US1NJMD0062","OLD BRIDGE TWP 5.1 NE, NJ US","40.45623","-74.241325","7.6","2022",,,,,,,"       124","N","        84","N","       11",,"         4","N",,,,,,,,,,,,,"5"," ,N,0130,+","5.0"," ,N,0129,+","2.00"," ,N,0117, ",,,,,,,,,,,,,,,,,,,,,,,,,,,"44.84"," ,N","14.1"," ,N",,,,,,,,,,,,,,,,
"US1NJPS0014","HAWTHORNE 1.0 SSE, NJ US","40.9436378","-74.1522675","18.0","2020",,,,,,,"       132","N","        87","N",,,,,,,,,,,,,,,,,,,,,"2.75"," ,N,0711, ",,,,,,,,,,,,,,,,,,,,,,,,,,,"45.89"," ,N",,,,,,,,,,,,,,,,,,
"US1NYSF0092","AMITYVILLE 0.6 NNE, NY US","40.677211","-73.410293","6.1","2020",,,,,,,"       167","N","        92","N",,,,,,,,,,,,,,,,,,,,,"4.16"," ,N,0910, ",,,,,,,,,,,,,,,,,,,,,,,,,,,"49.06"," ,N",,,,,,,,,,,,,,,,,,
"US1NYSF0092","AMITYVILLE 0.6 NNE, NY US","40.677211","-73.410293","6.1","2021",,,,,,,"       140","N","        78","N",,,,,,,,,,,,,,,,,,,,,"3.17"," ,N,0709, ",,,,,,,,,,,,,,,,,,,,,,,,,,,"49.60"," ,N",,,,,,,,,,,,,,,,,,
"US1NYSF0092","AMITYVILLE 0.6 NNE, NY US","40.677211","-73.410293","6.1","2022",,,,,,,"       137","N","        76","N",,,,,,,,,,,,,,,,,,,,,"1.84"," ,N,1004, ",,,,,,,,,,,,,,,,,,,,,,,,,,,"39.83"," ,N",,,,,,,,,,,,,,,,,,
"US1NJMS0011","BOONTON 0.6 NW, NJ US","40.909623","-74.414145","188.7","2020",,,,,,,"       156","N","        89","N",,,,,,,,,,,,,,,,,,,,,"2.73"," ,N,0930, ",,,,,,,,,,,,,,,,,,,,,,,,,,,"45.04"," ,N",,,,,,,,,,,,,,,,,,
"US1NJMD0045","WOODBRIDGE TWP 1.1 NNE, NJ US","40.5759108","-74.2846869","21.6","2020",,,,,,,"       156","N","        93","N",,,,,,,,,,,,,,,,,,,,,"2.48"," ,N,0711, ",,,,,,,,,,,,,,,,,,,,,,,,,,,"51.27"," ,N",,,,,,,,,,,,,,,,,,
"US1NJMD0045","WOODBRIDGE TWP 1.1 NNE, NJ US","40.5759108","-74.2846869","21.6","2021",,,,,,,"       136","N","        82","N",,,,,,,,,,,,,,,,,,,,,"7.58"," ,N,0902, ",,,,,,,,,,,,,,,,,,,,,,,,,,,"60.17"," ,N",,,,,,,,,,,,,,,,,,
"US1NJMD0045","WOODBRIDGE TWP 1.1 NNE, NJ US","40.5759108","-74.2846869","21.6","2022",,,,,,,"       137","N","        88","N",,,,,,,,,,,,,,,,,,,,,"1.91"," ,N,1004, ",,,,,,,,,,,,,,,,,,,,,,,,,,,"51.19"," ,N",,,,,,,,,,,,,,,,,,
"US1NJMD0043","WOODBRIDGE TWP 1.1 ESE, NJ US","40.5554","-74.274","4.0","2020",,,,,,,"       150","N","        92","N",,,,,,,,,,,,,,,,,,,,,"2.22"," ,N,1030, ",,,,,,,,,,,,,,,,,,,,,,,,,,,"47.52"," ,N",,,,,,,,,,,,,,,,,,
"US1NJMD0043","WOODBRIDGE TWP 1.1 ESE, NJ US","40.5554","-74.274","4.0","2021",,,,,,,"       130","N","        78","N",,,,,,,,,,,,,,,,,,,,,"7.39"," ,N,0902, ",,,,,,,,,,,,,,,,,,,,,,,,,,,"59.70"," ,N",,,,,,,,,,,,,,,,,,
"US1NJMD0043","WOODBRIDGE TWP 1.1 ESE, NJ US","40.5554","-74.274","4.0","2022",,,,,,,"       124","N","        88","N",,,,,,,,,,,,,,,,,,,,,"2.01"," ,N,1004, ",,,,,,,,,,,,,,,,,,,,,,,,,,,"49.02"," ,N",,,,,,,,,,,,,,,,,,
"US1NYKN0025","BROOKLYN 3.1 NW, NY US","40.6846","-73.9867","5.5","2022",,,,,,,"       114","N","        73","N",,,"         4","N",,,,,,,,,,,,,,,"6.8"," ,N,0129, ","2.56"," ,N,0419, ",,,,,,,,,,,,,,,,,,,,,,,,,,,"43.15"," ,N","16.3"," ,N",,,,,,,,,,,,,,,,
"US1NJPS0012","LITTLE FALLS TWP 0.5 WNW, NJ US","40.879633","-74.227041","58.5","2020",,,,,,,"       146","N","        88","N",,,"         2","N",,,,,,,,,,,,,,,"5.8"," ,N,1217, ","3.54"," ,N,0711, ",,,,,,,,,,,,,,,,,,,,,,,,,,,"49.23"," ,N","9.5"," ,N",,,,,,,,,,,,,,,,
"US1NJPS0012","LITTLE FALLS TWP 0.5 WNW, NJ US","40.879633","-74.227041","58.5","2021",,,,,,,"       140","N","        89","N",,,"         8","N",,,,,,,,,,,,,,,"12.3"," ,N,0202, ","7.03"," ,N,0902, ",,,,,,,,,,,,,,,,,,,,,,,,,,,"60.78"," ,N","39.4"," ,N",,,,,,,,,,,,,,,,
"US1NJPS0012","LITTLE FALLS TWP 0.5 WNW, NJ US","40.879633","-74.227041","58.5","2022",,,,,,,"       132","N","        84","N",,,"         8","N",,,,,,,,,,,,,,,"4.9"," ,N,0107, ","3.71"," ,N,0408, ",,,,,,,,,,,,,,,,,,,,,,,,,,,"52.06"," ,N","21.4"," ,N",,,,,,,,,,,,,,,,
"US1NJUN0017","CRANFORD TWP 1.1 NNW, NJ US","40.672178","-74.309574","21.9","2020",,,,,,,"       137","N","        89","N",,,,,,,,,,,,,,,,,,,,,"2.73"," ,N,0711, ",,,,,,,,,,,,,,,,,,,,,,,,,,,"48.28"," ,N",,,,,,,,,,,,,,,,,,
"US1NJUN0017","CRANFORD TWP 1.1 NNW, NJ US","40.672178","-74.309574","21.9","2021",,,,,,,"       121","N","        76","N",,,,,,,,,,,,,,,,,,,,,"9.05"," ,N,0902, ",,,,,,,,,,,,,,,,,,,,,,,,,,,"63.67"," ,N",,,,,,,,,,,,,,,,,,
"US1NJUN0017","CRANFORD TWP 1.1 NNW, NJ US","40.672178","-74.309574","21.9","2022",,,,,,,"       105","N","        74","N",,,,,,,,,,,,,,,,,,,,,"2.20"," ,N,0913, ",,,,,,,,,,,,,,,,,,,,,,,,,,,"48.17"," ,N",,,,,,,,,,,,,,,,,,
"US1NYNS0042","ALBERTSON 0.2 SSE, NY US","40.769131","-73.647484","43.3","2020",,,,,,,"       147","N","        86","N",,,,,,,,,,,,,,,,,,,,,"1.85"," ,N,1017, ",,,,,,,,,,,,,,,,,,,,,,,,,,,"45.40"," ,N",,,,,,,,,,,,,,,,,,
"US1NYNS0042","ALBERTSON 0.2 SSE, NY US","40.769131","-73.647484","43.3","2022",,,,,,,,,,,,,,,,,,,,,,,,,,,,,,,,,,,,,,,,,,,,,,,,,,,,,,,,,,,"43.45"," ,N",,,,,,,,,,,,,,,,,,
"US1NJPS0040","POMPTON LAKES 1.0 ENE, NJ US","41.006785","-74.266384","89.0","2020",,,,,,,"       149","N","        87","N",,,,,,,,,,,,,,,,,,,,,"2.75"," ,N,0711, ",,,,,,,,,,,,,,,,,,,,,,,,,,,"45.40"," ,N",,,,,,,,,,,,,,,,,,
"US1NJPS0040","POMPTON LAKES 1.0 ENE, NJ US","41.006785","-74.266384","89.0","2021",,,,,,,"       148","N","        76","N",,,,,,,,,,,,,,,,,,,,,"5.34"," ,N,0902, ",,,,,,,,,,,,,,,,,,,,,,,,,,,"52.17"," ,N",,,,,,,,,,,,,,,,,,
"US1NJPS0040","POMPTON LAKES 1.0 ENE, NJ US","41.006785","-74.266384","89.0","2022",,,,,,,"       143","N","        77","N",,,,,,,,,,,,,,,,,,,,,"3.33"," ,N,0408, ",,,,,,,,,,,,,,,,,,,,,,,,,,,"50.33"," ,N",,,,,,,,,,,,,,,,,,
"USC00301309","CENTERPORT, NY US","40.88345","-73.37309","9.1","2020",,,"1078",,"1078","7","       136","7","        93","7","       10",,"         2","7","         0","7","        67","7","         9","7","       145","7","        18","7","13","7,0216, ","7"," ,7,1217, ","6.9"," ,7,1217, ","1.60"," ,7,1030, ","96","7,0728, ","31","7,1118","25","7,1119","24","7,1209","19","7,1219",,,"32","7,0417","25","7,0302","23","7,0301","20","7,0222","13","7,0216","5022","0","5022","7","44.05"," ,7","9.6"," ,7","54.9","7","63.0","7","46.7","7",,,,,,,,,,
"USC00301309","CENTERPORT, NY US","40.88345","-73.37309","9.1","2021",,,"972",,"972","7","       130","7","        76","7","       30",,"         6","7","         0","7","        86","7","        15","7","       154","7","        21","7","13","7,0131,+","13"," ,7,0208, ","10.3"," ,7,0202, ","4.67"," ,7,0902, ","96","7,0701,+","32","7,1120","26","7,1130","24","7,1220",,,,,"30","7,0404","28","7,0320","22","7,0316","20","7,0303","14","7,0209","4906","5","4906","7","51.07"," ,7","30.0"," ,7","54.3","7","62.5","7","46.2","7",,,,,,,,,,
"USC00301309","CENTERPORT, NY US","40.88345","-73.37309","9.1","2022",,,"1001",,"1001","7","       129","7","        82","7","       15",,"         6","7","         0","7","        98","7","        24","7","       146","7","        17","7","7","7,1225,+","11"," ,7,0130, ","8.0"," ,7,0129, ","2.95"," ,7,0824, ","95","7,0721, ","31","7,1115","28","7,1119","24","7,1121","7","7,1224","7","7,1224","26","7,0331","26","7,0331","24","7,0330","17","7,0305","15","7,0216","4888","7","4888","7","49.11"," ,7","29.0"," ,7","53.6","7","62.0","7","45.2","7",,,,,,,,,,
"USC00301309","CENTERPORT, NY US","40.88345","-73.37309","9.1","2023",,,,,,,,,,,,,,,,,,,,,,,,,,,,,,,,,,,,,,,,,,,,,,,,,,,,,,,"4643","7","4643","H",,,,,,,,,,,,,,,,,,,,
"USC00284987","LONG BRANCH OAKHURST, NJ US","40.29698","-74.00153","9.1","2020",,,"1220",,"1220","7","       182","7","        89","7","        4",,"         2","7","         0","7","        70","7","         6","7","       144","7","        22","7","14","7,0216,+","1"," ,7,1220,+","2.3"," ,7,1217, ","2.43"," ,7,0910, ","99","7,0721, ","31","7,1031","24","7,1119","24","7,1119","20","7,1220",,,"32","7,0418","25","7,0302","24","7,0301","14","7,0216","14","7,0216","4683","7","4683","7","51.30"," ,7","4.4"," ,7","56.0","7","64.4","7","47.5","7",,,,,,,,,,
"USC00284987","LONG BRANCH OAKHURST, NJ US","40.29698","-74.00153","9.1","2021",,,"1206",,"1206","7","       148","7","        81","7","       24",,"         6","7","         0","7","        92","7","        11","7","       160","7","        24","7","15","7,0209,+","8"," ,7,0211,+","6.5"," ,7,0219, ","2.68"," ,7,0707, ","100","7,0701, ","29","7,1117","28","7,1124","24","7,1130",,,,,"28","7,0404","28","7,0404","24","7,0316","19","7,0222","15","7,0209","4745","2","4745","7","50.30"," ,7","25.6"," ,7","55.4","7","64.2","7","46.6","7",,,,,,,,,,
"USC00284987","LONG BRANCH OAKHURST, NJ US","40.29698","-74.00153","9.1","2022",,,"1174",,"1174","7","       140","7","        76","7","       13",,"         4","7","         0","7","        95","7","        18","7","       145","7","        25","7","5","7,1225, ","14"," ,7,0130, ","11.5"," ,7,0129, ","2.78"," ,7,1003, ","100","7,0810,+","31","7,1115","27","7,1119","23","7,1121","6","7,1224","6","7,1224","32","7,0419","25","7,0331","23","7,0330","20","7,0314","14","7,0216","4690","8","4690","7","49.39"," ,7","23.0"," ,7","54.5","7","63.6","7","45.4","7",,,,,,,,,,
"USC00284987","LONG BRANCH OAKHURST, NJ US","40.29698","-74.00153","9.1","2023",,,,,,,,,,,,,,,,,,,,,,,,,,,,,,,,,,,,,,,,,,,,,,,,,,,,,,,"4518","0","4518","H",,,,,,,,,,,,,,,,,,,,
"US1NJBG0018","PALISADES PARK 0.2 WNW, NJ US","40.848094","-74.000247","21.3","2020",,,,,,,"       140","N","        79","N",,,,,,,,,,,,,,,,,,,,,"3.00"," ,N,0711, ",,,,,,,,,,,,,,,,,,,,,,,,,,,"48.03"," ,N",,,,,,,,,,,,,,,,,,
"US1NYNS0046","MASSAPEQUA PARK 1.2 N, NY US","40.698077","-73.449893","10.7","2020",,,,,,,,,,,,,,,,,,,,,,,,,,,,,,,,,,,,,,,,,,,,,,,,,,,,,,,,,,,"47.00"," ,N",,,,,,,,,,,,,,,,,,
"US1NYNS0046","MASSAPEQUA PARK 1.2 N, NY US","40.698077","-73.449893","10.7","2021",,,,,,,"       125","N","        75","N",,,,,,,,,,,,,,,,,,,,,"3.05"," ,N,0709, ",,,,,,,,,,,,,,,,,,,,,,,,,,,"48.05"," ,N",,,,,,,,,,,,,,,,,,
"US1NYNS0046","MASSAPEQUA PARK 1.2 N, NY US","40.698077","-73.449893","10.7","2022",,,,,,,"       128","N","        76","N",,,,,,,,,,,,,,,,,,,,,"1.78"," ,N,1004, ",,,,,,,,,,,,,,,,,,,,,,,,,,,"37.62"," ,N",,,,,,,,,,,,,,,,,,
"US1NJUN0036","CLARK TWP 1.3 ENE, NJ US","40.626055","-74.289674","14.3","2021",,,,,,,"       133","N","        82","N",,,"         7","N",,,,,,,,,,,,,,,"8.8"," ,N,0201, ","7.41"," ,N,0902, ",,,,,,,,,,,,,,,,,,,,,,,,,,,"54.04"," ,N","25.7"," ,N",,,,,,,,,,,,,,,,
"US1NJUN0036","CLARK TWP 1.3 ENE, NJ US","40.626055","-74.289674","14.3","2022",,,,,,,"       138","N","        87","N",,,"         3","N",,,,,,,,,,,,,,,"5.7"," ,N,0129,+","2.03"," ,N,0913, ",,,,,,,,,,,,,,,,,,,,,,,,,,,"46.80"," ,N","15.4"," ,N",,,,,,,,,,,,,,,,
"USC00281335","CANOE BROOK, NJ US","40.7436","-74.3539","54.9","2020",,,"1229",,"1229","7",,,,,,,"         1","7","         0","7","        80","7","         6","7","       155","7","        37","7","10","7,1220,+",,,"8.0"," ,7,1217, ",,,"97","7,0731,+","29","7,1031","24","7,1119","24","7,1119","17","7,1218","10","7,1219","29","7,0422","27","7,0302","23","7,0301","20","7,0221","13","7,0216","4875","5","4875","7","46.83"," ,7","8.3"," ,7","55.5","7","65.1","7","45.8","7",,,,,,,,,,
"USC00281335","CANOE BROOK, NJ US","40.7436","-74.3539","54.9","2021",,,"1212",,"1212","7",,,,,,,"         5","7","         0","7","       111","7","         7","7","       168","7","        32","7","9","7,0210,+",,,"17.3"," ,7,0202, ",,,"99","7,0701, ","31","7,1104","28","7,1120","24","7,1130",,,,,"28","7,0404","28","7,0404","24","7,0315","19","7,0221","12","7,0213","4934","3","4934","7","53.84"," ,7","31.7"," ,7","55.1","7","64.6","7","45.5","7",,,,,,,,,,
"USC00281335","CANOE BROOK, NJ US","40.7436","-74.3539","54.9","2022",,,"1291",,"1291","7",,,,,,,"         3","7","         0","7","       112","7","        18","7","       166","7","        47","7","5","7,0131, ",,,"5.8"," ,7,0130, ",,,"101","7,0724, ","27","7,1115","27","7,1115","23","7,1121","6","7,1224","6","7,1224","31","7,0419","27","7,0331","23","7,0329","20","7,0304","15","7,0216","4771","4","4771","7","43.80"," ,7","13.9"," ,7","54.5","7","64.8","7","44.2","7",,,,,,,,,,
"US1NJBG0017","GLEN ROCK 0.7 SSE, NJ US","40.95109","-74.118264","28.0","2020",,,,,,,"       153","N","        86","N",,,,,,,,,,,,,,,,,,,,,"2.85"," ,N,0930, ",,,,,,,,,,,,,,,,,,,,,,,,,,,"43.74"," ,N",,,,,,,,,,,,,,,,,,
"US1NJBG0017","GLEN ROCK 0.7 SSE, NJ US","40.95109","-74.118264","28.0","2021",,,,,,,"       146","N","        79","N",,,,,,,,,,,,,,,,,,,,,"6.28"," ,N,0902, ",,,,,,,,,,,,,,,,,,,,,,,,,,,"53.69"," ,N",,,,,,,,,,,,,,,,,,
"US1NJBG0015","NORTH ARLINGTON 0.7 WNW, NJ US","40.791492","-74.13979","17.7","2020",,,,,,,"       166","N","        87","N",,,,,,,,,,,,,,,,,,,,,"3.00"," ,N,0711, ",,,,,,,,,,,,,,,,,,,,,,,,,,,"48.40"," ,N",,,,,,,,,,,,,,,,,,
"US1NJBG0015","NORTH ARLINGTON 0.7 WNW, NJ US","40.791492","-74.13979","17.7","2021",,,,,,,"       135","N","        77","N",,,,,,,,,,,,,,,,,,,,,"8.80"," ,N,0902, ",,,,,,,,,,,,,,,,,,,,,,,,,,,"61.09"," ,N",,,,,,,,,,,,,,,,,,
"US1NJUN0010","NEW PROVIDENCE 0.8 ESE, NJ US","40.6945","-74.3898","113.1","2020",,,,,,,"       153","N","        89","N","       13",,"         2","N",,,,,,,,,,,,,"5"," ,N,1217, ","5.0"," ,N,1217, ","2.73"," ,N,0711, ",,,,,,,,,,,,,,,,,,,,,,,,,,,"47.33"," ,N","7.9"," ,N",,,,,,,,,,,,,,,,
"US1NJUN0010","NEW PROVIDENCE 0.8 ESE, NJ US","40.6945","-74.3898","113.1","2021",,,,,,,"       130","N","        81","N",,,,,,,,,,,,,,,,,,,,,"7.25"," ,N,0902, ",,,,,,,,,,,,,,,,,,,,,,,,,,,"56.99"," ,N",,,,,,,,,,,,,,,,,,
"US1NJUN0010","NEW PROVIDENCE 0.8 ESE, NJ US","40.6945","-74.3898","113.1","2022",,,,,,,"       134","N","        90","N",,,,,,,,,,,,,,,,,,,,,"2.05"," ,N,0528, ",,,,,,,,,,,,,,,,,,,,,,,,,,,"47.48"," ,N",,,,,,,,,,,,,,,,,,
"US1NYNS0007","FLORAL PARK 0.4 W, NY US","40.7229996","-73.7109985","24.1","2021",,,,,,,"       144","N","        76","N",,,,,,,,,,,,,,,,,,,,,"4.83"," ,N,0902, ",,,,,,,,,,,,,,,,,,,,,,,,,,,"49.48"," ,N",,,,,,,,,,,,,,,,,,
"US1NYWC0018","ARMONK 0.3 SE, NY US","41.12996","-73.708161","117.3","2020",,,,,,,"       149","N","        88","N","       15",,"         2","N",,,,,,,,,,,,,"9"," ,N,1218, ","8.3"," ,N,1217, ","2.07"," ,N,1030, ",,,,,,,,,,,,,,,,,,,,,,,,,,,"43.50"," ,N","13.5"," ,N",,,,,,,,,,,,,,,,
"US1NYWC0018","ARMONK 0.3 SE, NY US","41.12996","-73.708161","117.3","2021",,,,,,,"       139","N","        86","N","       39",,"        10","N",,,,,,,,,,,,,"18"," ,N,0203, ","12.0"," ,N,0202, ","6.33"," ,N,0902, ",,,,,,,,,,,,,,,,,,,,,,,,,,,"52.94"," ,N","39.9"," ,N",,,,,,,,,,,,,,,,
"US1NYWC0018","ARMONK 0.3 SE, NY US","41.12996","-73.708161","117.3","2022",,,,,,,"       128","N","        85","N","       19",,"        10","N",,,,,,,,,,,,,"6"," ,N,0130, ","5.5"," ,N,0107, ","4.49"," ,N,0719, ",,,,,,,,,,,,,,,,,,,,,,,,,,,"48.24"," ,N","24.3"," ,N",,,,,,,,,,,,,,,,
"USC00280907","BOONTON 1 SE, NJ US","40.89174","-74.39635","85.3","2020",,,"984",,"984","7","       142","7","        85","7",,,"         1","7","         0","7","        94","7","        10","7","       139","7","        21","7","9","7,0216,+",,,"6.0"," ,7,1217, ","3.17"," ,7,0711, ","94","7,0707, ","32","7,1018","27","7,1031","22","7,1119","19","7,1218","11","7,1219","32","7,0509","27","7,0417","23","7,0301","19","7,0222","9","7,0216","5289","5","5289","7","46.88"," ,7","7.1"," ,7","53.5","7","62.8","7","44.2","7",,,,,,,,,,
"USC00280907","BOONTON 1 SE, NJ US","40.89174","-74.39635","85.3","2021",,,"927",,"927","7","       130","7","        76","7","       30",,,,"         0","7","       120","7","        16","7","       152","7","        16","7","9","7,0210,+","19"," ,7,0202, ",,,"4.84"," ,7,0902, ","95","7,0701, ","29","7,1104","28","7,1106","24","7,1130","20","7,1220",,,"31","7,0405","25","7,0403","21","7,0316","20","7,0306","13","7,0222","5386","3","5386","7","47.89"," ,7",,,"53.0","7","62.3","7","43.7","7",,,,,,,,,,
"USC00280907","BOONTON 1 SE, NJ US","40.89174","-74.39635","85.3","2022",,,"946",,"946","7","       126","7","        82","7","       13",,"         6","7","         0","7","       122","7","        26","7","       154","7","        23","7","3","7,0117,+","4"," ,7,0108,+","4.0"," ,7,0107, ","3.61"," ,7,0408, ","96","7,0810,+","31","7,1019","25","7,1115","24","7,1116","20","7,1221","6","7,1224","30","7,0419","27","7,0331","23","7,0330","18","7,0305","15","7,0217","5208","3","5208","7","49.70"," ,7","13.1"," ,7","52.4","7","62.3","7","42.6","7",,,,,,,,,,
"USC00280907","BOONTON 1 SE, NJ US","40.89174","-74.39635","85.3","2023",,,,,,,,,,,,,,,,,,,,,,,,,,,,,,,,,,,,,,,,,,,,,,,,,,,,,,,"5051","9","5051","H",,,,,,,,,,,,,,,,,,,,
"US1NJMN0104","LITTLE SILVER 0.3 NNW, NJ US","40.340039","-74.03722","5.8","2020",,,,,,,,,,,,,,,,,,,,,,,,,,,,,,,,,,,,,,,,,,,,,,,,,,,,,,,,,,,"51.61"," ,N",,,,,,,,,,,,,,,,,,
"US1NJMN0104","LITTLE SILVER 0.3 NNW, NJ US","40.340039","-74.03722","5.8","2021",,,,,,,"        74","N","        60","N",,,,,,,,,,,,,,,,,,,,,"3.84"," ,N,0822, ",,,,,,,,,,,,,,,,,,,,,,,,,,,"47.15"," ,N",,,,,,,,,,,,,,,,,,
"US1NJMN0104","LITTLE SILVER 0.3 NNW, NJ US","40.340039","-74.03722","5.8","2022",,,,,,,"       112","N","        76","N",,,,,,,,,,,,,,,,,,,,,"3.02"," ,N,1003, ",,,,,,,,,,,,,,,,,,,,,,,,,,,"48.91"," ,N",,,,,,,,,,,,,,,,,,
"US1NJMS0102","CHATHAM 0.6 NE, NJ US","40.74671","-74.376616","61.3","2020",,,,,,,"       172","N","        96","N",,,,,,,,,,,,,,,,,,,,,"2.58"," ,N,0707, ",,,,,,,,,,,,,,,,,,,,,,,,,,,"49.83"," ,N",,,,,,,,,,,,,,,,,,
"US1NJMS0102","CHATHAM 0.6 NE, NJ US","40.74671","-74.376616","61.3","2021",,,,,,,"       130","N","        81","N",,,,,,,,,,,,,,,,,,,,,"6.34"," ,N,0902, ",,,,,,,,,,,,,,,,,,,,,,,,,,,"56.10"," ,N",,,,,,,,,,,,,,,,,,
"US1NJMS0102","CHATHAM 0.6 NE, NJ US","40.74671","-74.376616","61.3","2022",,,,,,,"       140","N","        80","N",,,,,,,,,,,,,,,,,,,,,"2.44"," ,N,0528, ",,,,,,,,,,,,,,,,,,,,,,,,,,,"46.02"," ,N",,,,,,,,,,,,,,,,,,
"US1NJMD0074","HIGHLAND PARK 0.5 E, NJ US","40.50039","-74.41942","36.3","2022",,,,,,,,,,,,,,,,,,,,,,,,,,,,,,,,,,,,,,,,,,,,,,,,,,,,,,,,,,,"45.02"," ,N",,,,,,,,,,,,,,,,,,
"US1NJPS0022","RINGWOOD 3.0 SSE, NJ US","41.065332","-74.2571509","185.9","2020",,,,,,,"       172","N","        93","N",,,,,,,,,,,,,,,,,,,,,"2.90"," ,N,0805, ",,,,,,,,,,,,,,,,,,,,,,,,,,,"51.69"," ,N",,,,,,,,,,,,,,,,,,
"US1NJPS0022","RINGWOOD 3.0 SSE, NJ US","41.065332","-74.2571509","185.9","2021",,,,,,,"       173","N","        79","N",,,,,,,,,,,,,,,,,,,,,"8.20"," ,N,0823, ",,,,,,,,,,,,,,,,,,,,,,,,,,,"62.14"," ,N",,,,,,,,,,,,,,,,,,
"US1NJHD0002","KEARNY 1.7 NW, NJ US","40.772892","-74.140926","29.0","2020",,,,,,,"       129","N","        83","N",,,,,,,,,,,,,,,,,,,,,"2.55"," ,N,0711, ",,,,,,,,,,,,,,,,,,,,,,,,,,,"45.98"," ,N",,,,,,,,,,,,,,,,,,
"US1NJHD0002","KEARNY 1.7 NW, NJ US","40.772892","-74.140926","29.0","2021",,,,,,,"       135","N","        81","N",,,,,,,,,,,,,,,,,,,,,"7.12"," ,N,0902, ",,,,,,,,,,,,,,,,,,,,,,,,,,,"58.78"," ,N",,,,,,,,,,,,,,,,,,
